Party,First Name,Last Name,Password
The Flinstones,Fred ,Flinstone,P62jxqPLm2gTs5D
,Barney ,Rubble
,Wilma,Flinstone
,Pebbles,Flinstone
The Wicks,John,Wick,pZsBS2AMxrY7vXq
The Robinson,Mr,Robinson,tLAxUzwaHmaWBpg
,Mrs ,Robinson
,Art,Garfunkle
The Birds,Big,Bird,KukgBzxAwSBeZNS
,Little,Bird
The Dogs,Big,Dawg,8PFq2RmExCswf43
,Little,Dawg
,Mad,Dawg
The Flinstones,Tony,Flinstone,bsF8sugnuD2CNPm
The Flinstones,Fred ,Flinstone,98cVLWN25re3Xzr
,Barney ,Rubble
,Wilma,Flinstone
,Pebbles,Flinstone
The Wicks,John,Wick,GntBeWhVqCAYgQN
The Robinson,Mr,Robinson,sWcdYhmHfgYFsGL
,Mrs ,Robinson
,Art,Garfunkle
The Birds,Big,Bird,keVsefTUSmg9Ugs
,Little,Bird
The Dogs,Big,Dawg,D7xG8nNUJGjEDLK
,Little,Dawg
,Mad,Dawg
The Flinstones,Tony,Flinstone,8teg3hRmG5JZp2s
The Flinstones,Fred ,Flinstone,ZPaJYeN7XTUGX73
,Barney ,Rubble
,Wilma,Flinstone
,Pebbles,Flinstone
The Wicks,John,Wick,ZftpX3xGJxrMfXv
The Robinson,Mr,Robinson,zbptbeTYd39nWGZ
,Mrs ,Robinson
,Art,Garfunkle
The Birds,Big,Bird,jGTkUXBRPdPbZdd
,Little,Bird
The Dogs,Big,Dawg,QsN3HX3sBCx3UeX
,Little,Dawg
,Mad,Dawg
The Flinstones,Tony,Flinstone,WJhypE5p3ras4Yw
The Flinstones,Fred ,Flinstone,2jKfTspHsF4mkfX
,Barney ,Rubble
,Wilma,Flinstone
,Pebbles,Flinstone
The Wicks,John,Wick,c8dq4KYgJ2J2ZTS
The Robinson,Mr,Robinson,KYze3pw8RdwW3Nr
,Mrs ,Robinson
,Art,Garfunkle
The Birds,Big,Bird,bW5DhqbM8cRyxqP
,Little,Bird
The Dogs,Big,Dawg,7Pd448pgtUtQWrf
,Little,Dawg
,Mad,Dawg
The Flinstones,Tony,Flinstone,JXqWMguDLNtramp
The Flinstones,Fred ,Flinstone,jCPmqtyFgUqjrCw
,Barney ,Rubble
,Wilma,Flinstone
,Pebbles,Flinstone
The Wicks,John,Wick,JxyDkSygtRT8Mtm
The Robinson,Mr,Robinson,8Tq7TEsQAbfHxf6
,Mrs ,Robinson
,Art,Garfunkle
The Birds,Big,Bird,RQMqwhaWccWsrkw
,Little,Bird
The Dogs,Big,Dawg,XXGFhFxvqrA5BdB
,Little,Dawg
,Mad,Dawg
The Flinstones,Tony,Flinstone,3s5UgWfk3c7uaMC
The Flinstones,Fred ,Flinstone,qDc7LNfM3wsmhu8
,Barney ,Rubble
,Wilma,Flinstone
,Pebbles,Flinstone
The Wicks,John,Wick,3ts4EyQjHq6yLRG
The Robinson,Mr,Robinson,2kQN2mydpjPLmyL
,Mrs ,Robinson
,Art,Garfunkle
The Birds,Big,Bird,FNzXJQC86CrAqVH
,Little,Bird
The Dogs,Big,Dawg,rZkrfkKWk8tMzQx
,Little,Dawg
,Mad,Dawg
The Flinstones,Tony,Flinstone,AYQDCbCqXWRsmnC
The Flinstones,Fred ,Flinstone,WnXmnpWa5XEhwvP
,Barney ,Rubble
,Wilma,Flinstone
,Pebbles,Flinstone
The Wicks,John,Wick,wwpRmaeGywfcKTg
The Robinson,Mr,Robinson,2qXCBdFPAzpqTqB
,Mrs ,Robinson
,Art,Garfunkle
The Birds,Big,Bird,yPqvvM6VDnWvjzV
,Little,Bird
The Dogs,Big,Dawg,f6rLSFDxSB3RKKM
,Little,Dawg
,Mad,Dawg
The Flinstones,Tony,Flinstone,GnQPaL3TsYgXz4c
The Flinstones,Fred ,Flinstone,gxk7GZzyJgQ9Szc
,Barney ,Rubble
,Wilma,Flinstone
,Pebbles,Flinstone
The Wicks,John,Wick,ZQmC3VUCYBcetDn
The Robinson,Mr,Robinson,2529zcg2aSEpW9J
,Mrs ,Robinson
,Art,Garfunkle
The Birds,Big,Bird,cv3wrUPeGSWr4dg
,Little,Bird
The Dogs,Big,Dawg,zDbDrguc5DVSDQ5
,Little,Dawg
,Mad,Dawg
The Flinstones,Tony,Flinstone,GvUjc7ZYzzWn2Cy
The Flinstones,Fred ,Flinstone,DkguEBGuxGScW6X
,Barney ,Rubble
,Wilma,Flinstone
,Pebbles,Flinstone
The Wicks,John,Wick,RVnPCamNXZ7jKhM
The Robinson,Mr,Robinson,kGWpAKCHZ8xgsQX
,Mrs ,Robinson
,Art,Garfunkle
The Birds,Big,Bird,3TV8usabuSNHJxR
,Little,Bird
The Dogs,Big,Dawg,CkfwWsWzVaUaAwz
,Little,Dawg
,Mad,Dawg
The Flinstones,Tony,Flinstone,PrzS6FZFGxnDywz
The Flinstones,Fred ,Flinstone,aZN6NRj8GFWf3zw
,Barney ,Rubble
,Wilma,Flinstone
,Pebbles,Flinstone
The Wicks,John,Wick,tRPDg77QJSkMQq9
The Robinson,Mr,Robinson,szMT9hwUEtAFvec
,Mrs ,Robinson
,Art,Garfunkle
The Birds,Big,Bird,AQx7tfXr9smfbCj
,Little,Bird
The Dogs,Big,Dawg,AUCH5Vker52LBwT
,Little,Dawg
,Mad,Dawg
The Flinstones,Tony,Flinstone,nsuH86hWDppunQr
The Flinstones,Fred ,Flinstone,Y8LbMGAPyxtRkKP
,Barney ,Rubble
,Wilma,Flinstone
,Pebbles,Flinstone
The Wicks,John,Wick,hxUhtNwFrm3K3FN
The Robinson,Mr,Robinson,qegfeD3qXMbbMTE
,Mrs ,Robinson
,Art,Garfunkle
The Birds,Big,Bird,x6aRCqJEwYBmGmE
,Little,Bird
The Dogs,Big,Dawg,QJnSdmphfmUDwr3
,Little,Dawg
,Mad,Dawg
The Flinstones,Tony,Flinstone,F5jCvCL7RYL6zHu
The Flinstones,Fred ,Flinstone,3kHjFKjL4334eNL
,Barney ,Rubble
,Wilma,Flinstone
,Pebbles,Flinstone
The Wicks,John,Wick,zzjaJAHJjNGzWHQ
The Robinson,Mr,Robinson,QMZrpESGcExZA5D
,Mrs ,Robinson
,Art,Garfunkle
The Birds,Big,Bird,4ZjctFfFjnpvZQM
,Little,Bird
The Dogs,Big,Dawg,qy5gdGYXFb6YxV3
,Little,Dawg
,Mad,Dawg
The Flinstones,Tony,Flinstone,QP5eHqsMyGuFJ8r
The Flinstones,Fred ,Flinstone,MkshBSmJRGHkcqa
,Barney ,Rubble
,Wilma,Flinstone
,Pebbles,Flinstone
The Wicks,John,Wick,NanV8mt2kcXFU52
The Robinson,Mr,Robinson,BfrBZBUh9G3tBpe
,Mrs ,Robinson
,Art,Garfunkle
The Birds,Big,Bird,jKDPr4FTdfq5FXu
,Little,Bird
The Dogs,Big,Dawg,SWfLrwcR8ZNHnyf
,Little,Dawg
,Mad,Dawg
The Flinstones,Tony,Flinstone,txmRKzaGsnSRmvy
The Flinstones,Fred ,Flinstone,beF55n7sE8EgyDY
,Barney ,Rubble
,Wilma,Flinstone
,Pebbles,Flinstone
The Wicks,John,Wick,vnmPNZJXRBza5Yj
The Robinson,Mr,Robinson,a6MR4HTAHPUm2nq
,Mrs ,Robinson
,Art,Garfunkle
The Birds,Big,Bird,8J9WgnJV7w9ym2q
,Little,Bird
The Dogs,Big,Dawg,zVNZMfrVfHUkTvn
,Little,Dawg
,Mad,Dawg
The Flinstones,Tony,Flinstone,GReHdm8AddkhN6Q
The Flinstones,Fred ,Flinstone,hewhsHdLvPQ4zaX
,Barney ,Rubble
,Wilma,Flinstone
,Pebbles,Flinstone
The Wicks,John,Wick,JfywVpdGup9bKgE
The Robinson,Mr,Robinson,qkEEQRZ27S9CbLK
,Mrs ,Robinson
,Art,Garfunkle
The Birds,Big,Bird,xugMHkA4dzJbFdz
,Little,Bird
The Dogs,Big,Dawg,vsqUesxwuUYQuRv
,Little,Dawg
,Mad,Dawg
The Flinstones,Tony,Flinstone,WdLPLquVtYCAjBL
The Flinstones,Fred ,Flinstone,vA7cGSyNJeBnw54
,Barney ,Rubble
,Wilma,Flinstone
,Pebbles,Flinstone
The Wicks,John,Wick,enEJMZntZafCexA
The Robinson,Mr,Robinson,6UAVasV5dfqDLgq
,Mrs ,Robinson
,Art,Garfunkle
The Birds,Big,Bird,puaURHGQEVnMJLT
,Little,Bird
The Dogs,Big,Dawg,tPCEGzqDJ5SkVM5
,Little,Dawg
,Mad,Dawg
The Flinstones,Tony,Flinstone,fsv8tcXvt3JPqZd
The Flinstones,Fred ,Flinstone,7DhGcnSpEYke9Mb
,Barney ,Rubble
,Wilma,Flinstone
,Pebbles,Flinstone
The Wicks,John,Wick,baEVXQDLNzSJx9Z
The Robinson,Mr,Robinson,3pkdXgGa8bpEw9h
,Mrs ,Robinson
,Art,Garfunkle
The Birds,Big,Bird,sPSNvqH7Yfkcsac
,Little,Bird
The Dogs,Big,Dawg,LRPpvGGvt6GX4Le
,Little,Dawg
,Mad,Dawg
The Flinstones,Tony,Flinstone,xCwxzv5nkrdf2z9
The Flinstones,Fred ,Flinstone,57bSbqREa8LJgwH
,Barney ,Rubble
,Wilma,Flinstone
,Pebbles,Flinstone
The Wicks,John,Wick,x8fkUHtGDGjwLrV
The Robinson,Mr,Robinson,cpVq4qhLCH6yAMQ
,Mrs ,Robinson
,Art,Garfunkle
The Birds,Big,Bird,GLc9qhG8cdBGvWR
,Little,Bird
The Dogs,Big,Dawg,ky87cvqPVEGv8SF
,Little,Dawg
,Mad,Dawg
The Flinstones,Tony,Flinstone,cS78JEa6YJMVMZV
The Flinstones,Fred ,Flinstone,HnvZEzZBFjhAfMd
,Barney ,Rubble
,Wilma,Flinstone
,Pebbles,Flinstone
The Wicks,John,Wick,kPvbL8nfEcZZNeX
The Robinson,Mr,Robinson,YSZPmgpnDeJJ7Lu
,Mrs ,Robinson
,Art,Garfunkle
The Birds,Big,Bird,zjfpn9ZZTPPj8Lu
,Little,Bird
The Dogs,Big,Dawg,2xW2rHBLv2tME65
,Little,Dawg
,Mad,Dawg
The Flinstones,Tony,Flinstone,dWrTSg8h776qPMR
The Flinstones,Fred ,Flinstone,7ZMrLbYkadQLz5Z
,Barney ,Rubble
,Wilma,Flinstone
,Pebbles,Flinstone
The Wicks,John,Wick,XzNPu3DqPydpL7U
The Robinson,Mr,Robinson,7fNcryQXHZsHSjr
,Mrs ,Robinson
,Art,Garfunkle
The Birds,Big,Bird,2s5gQBAdAneacJj
,Little,Bird
The Dogs,Big,Dawg,XkjpYKcmGHSWa9C
,Little,Dawg
,Mad,Dawg
The Flinstones,Tony,Flinstone,jjNqtYsyTm3qb9h
The Flinstones,Fred ,Flinstone,BhfVSPVBGk5wGwZ
,Barney ,Rubble
,Wilma,Flinstone
,Pebbles,Flinstone
The Wicks,John,Wick,GnuuJcLHqkvCess
The Robinson,Mr,Robinson,qRhBK2Z7ysMjUQk
,Mrs ,Robinson
,Art,Garfunkle
The Birds,Big,Bird,3TGKUrqLHjQfZQT
,Little,Bird
The Dogs,Big,Dawg,mRpggLcAgDDQKBs
,Little,Dawg
,Mad,Dawg
The Flinstones,Tony,Flinstone,LpRa4T32DPPDzWp
The Flinstones,Fred ,Flinstone,XVcYU7AZkhM2Bng
,Barney ,Rubble
,Wilma,Flinstone
,Pebbles,Flinstone
The Wicks,John,Wick,CADkEGsGrgmnsF3
The Robinson,Mr,Robinson,35ktYLfQhb75zup
,Mrs ,Robinson
,Art,Garfunkle
The Birds,Big,Bird,syBn5gBf73nN2yN
,Little,Bird
The Dogs,Big,Dawg,Lfknh5sBdZrakHE
,Little,Dawg
,Mad,Dawg
The Flinstones,Tony,Flinstone,YWmwKJhvDAy7Tce
The Flinstones,Fred ,Flinstone,TqktCqTHcuBeCPw
,Barney ,Rubble
,Wilma,Flinstone
,Pebbles,Flinstone
The Wicks,John,Wick,5G83RM2agVCWaQf
The Robinson,Mr,Robinson,47TUHvwtdEmCeRb
,Mrs ,Robinson
,Art,Garfunkle
The Birds,Big,Bird,DYhQ3JLHQE2sMAf
,Little,Bird
The Dogs,Big,Dawg,kbrCsdMsc2vLFSg
,Little,Dawg
,Mad,Dawg
The Flinstones,Tony,Flinstone,93AVJtsQYUkuxCF
The Flinstones,Fred ,Flinstone,Y7TVWm5W8SMdZNR
,Barney ,Rubble
,Wilma,Flinstone
,Pebbles,Flinstone
The Wicks,John,Wick,CWjXnjFFtSs6wGf
The Robinson,Mr,Robinson,qz3gBGkrSL3P4BM
,Mrs ,Robinson
,Art,Garfunkle
The Birds,Big,Bird,TYtbSKSTFEcMB5Y
,Little,Bird
The Dogs,Big,Dawg,KLu2ALG3zY5SnaG
,Little,Dawg
,Mad,Dawg
The Flinstones,Tony,Flinstone,wgevKKLxzS2xTdL
